{"train_loss": 0.0777040645480156, "train_acc": 0.98046875, "epoch": 3, "trainer/global_step": 645, "_timestamp": 1676063135.053225, "_runtime": 70.05336213111877, "_step": 55, "valid_loss": 0.12687437236309052, "valid_acc": 0.9602000117301941, "test_conf_mat_table": {"_type": "table-file", "sha256": "0acd30b6a5958a51083446b8df2f49644486b0ae13aa0628ba908eaf9013b667", "size": 1762, "artifact_path": "wandb-client-artifact://s9j2jeo28tr147vchfyayzn7g4bqfa990zicxqtc4ydbitn2s6zorfab31o6q0c5so2gb86gnqbm7l4ffx7i5eyl9w87ivf1bbop6p081qjjcwv553u6xqsezy9nwdly:latest/test_conf_mat_table.table.json", "_latest_artifact_path": "wandb-client-artifact://s9j2jeo28tr147vchfyayzn7g4bqfa990zicxqtc4ydbitn2s6zorfab31o6q0c5so2gb86gnqbm7l4ffx7i5eyl9w87ivf1bbop6p081qjjcwv553u6xqsezy9nwdly:latest/test_conf_mat_table.table.json", "path": "media/table/test_conf_mat_table_54_0acd30b6a5958a510834.table.json", "ncols": 3, "nrows": 100}, "test_loss": 0.12768672406673431, "test_acc": 0.960099995136261, "_wandb": {"runtime": 69}}