{"train_loss": 0.2741803824901581, "train_acc": 0.91015625, "epoch": 2, "trainer/global_step": 644, "_timestamp": 1676071047.8022792, "_runtime": 31.454034328460693, "_step": 14, "valid_loss": 0.25310102105140686, "valid_acc": 0.9291999936103821, "_wandb": {"runtime": 30}}