{"valid_conf_mat_table": {"_type": "table-file", "sha256": "949ea9e7d0b5407fbee492519eb07e5d1105e67515f46dee95d9cb359d05d215", "size": 1771, "artifact_path": "wandb-client-artifact://i326lppj1e0mm5yc9gv63gnmf27vraesq8a23g6v6zfrbbqhk6dozk3e3tz14gtm6j1c3o429kptlqp30vxvadnxtaesjx6ccldamn8o0ed8wei8k07qvrj68q945lns:latest/valid_conf_mat_table.table.json", "_latest_artifact_path": "wandb-client-artifact://i326lppj1e0mm5yc9gv63gnmf27vraesq8a23g6v6zfrbbqhk6dozk3e3tz14gtm6j1c3o429kptlqp30vxvadnxtaesjx6ccldamn8o0ed8wei8k07qvrj68q945lns:latest/valid_conf_mat_table.table.json", "path": "media/table/valid_conf_mat_table_75_949ea9e7d0b5407fbee4.table.json", "ncols": 3, "nrows": 100}, "_timestamp": 1676080365.4446537, "_runtime": 54.46886467933655, "_step": 76, "train_loss": 0.08708583563566208, "train_acc": 0.9765625, "epoch": 2, "trainer/global_step": 644, "valid_loss": 0.11168836802244186, "valid_acc": 0.972599983215332, "_wandb": {"runtime": 53}}