{"train_loss": 0.2510639429092407, "train_acc": 0.9296875, "epoch": 2, "trainer/global_step": 644, "_timestamp": 1676078289.7043471, "_runtime": 33.687931060791016, "_step": 14, "valid_loss": 0.2792746424674988, "valid_acc": 0.9232000112533569, "_wandb": {"runtime": 33}}