{"train_loss": 0.11272187530994415, "train_acc": 0.95703125, "epoch": 2, "trainer/global_step": 644, "_timestamp": 1676070690.1540656, "_runtime": 31.93325662612915, "_step": 14, "valid_loss": 0.12138240039348602, "valid_acc": 0.9664000272750854, "_wandb": {"runtime": 30}}