{"train_loss": 0.08752050995826721, "train_acc": 0.97265625, "epoch": 2, "trainer/global_step": 644, "_timestamp": 1676072893.3579688, "_runtime": 37.87315583229065, "_step": 14, "valid_loss": 0.0906328335404396, "valid_acc": 0.9753999710083008, "_wandb": {"runtime": 37}}