{"train_loss": 0.138758584856987, "train_acc": 0.94921875, "epoch": 2, "trainer/global_step": 644, "_timestamp": 1676072458.374519, "_runtime": 32.71974301338196, "_step": 14, "valid_loss": 0.19912482798099518, "valid_acc": 0.9430000185966492, "_wandb": {"runtime": 31}}