{"train_loss": 0.13536299765110016, "train_acc": 0.94921875, "epoch": 2, "trainer/global_step": 644, "_timestamp": 1676070953.5235538, "_runtime": 31.22386384010315, "_step": 14, "valid_loss": 0.14370127022266388, "valid_acc": 0.9544000029563904, "_wandb": {"runtime": 30}}