{"train_loss": 0.08885609358549118, "train_acc": 0.97265625, "epoch": 2, "trainer/global_step": 644, "_timestamp": 1676069932.5161147, "_runtime": 36.79885673522949, "_step": 14, "valid_loss": 0.1496024876832962, "valid_acc": 0.9595999717712402, "_wandb": {"runtime": 35}}