{"batch loss": 0.27069541811943054, "_timestamp": 1676002277.4233499, "_runtime": 3.899627923965454, "_step": 94, "loss": 0.6164290627583544, "epoch": 0, "_wandb": {"runtime": 3}}