{"valid_conf_mat_table": {"_type": "table-file", "sha256": "1661b1bc013b28a9d5a46938c8ac4d0f0bbaf0f41b404f6e86278be582cd88d5", "size": 1770, "artifact_path": "wandb-client-artifact://dzklco95cqdxl3nfiaka17ntha5uvlgh9wvk82zh0g1ci0xu7qgymf3e5han8gz7x6iwjz6zy9ck613dc2ifcjo65dtx8jh8qpr802dfmtht63fcsuoe0lbm1j2tnv86:latest/valid_conf_mat_table.table.json", "_latest_artifact_path": "wandb-client-artifact://dzklco95cqdxl3nfiaka17ntha5uvlgh9wvk82zh0g1ci0xu7qgymf3e5han8gz7x6iwjz6zy9ck613dc2ifcjo65dtx8jh8qpr802dfmtht63fcsuoe0lbm1j2tnv86:latest/valid_conf_mat_table.table.json", "path": "media/table/valid_conf_mat_table_75_1661b1bc013b28a9d5a4.table.json", "ncols": 3, "nrows": 100}, "_timestamp": 1676080891.3331454, "_runtime": 60.35947847366333, "_step": 76, "train_loss": 0.15797971189022064, "train_acc": 0.9609375, "epoch": 2, "trainer/global_step": 644, "valid_loss": 0.1447458565235138, "valid_acc": 0.9563999772071838, "_wandb": {"runtime": 59}}