{"valid_conf_mat_table": {"_type": "table-file", "sha256": "b82385844f1c0e81617216a08bab2e88bfba2e9d0c1dcec37429d5f828c48a4e", "size": 1772, "artifact_path": "wandb-client-artifact://jwdr7nkct306milwwhd9g51f0qbpw2k1si9aa5ks9dmfnphm69a4ihin8wx3p5wfw2p28mdltx7cbj76phrgx3jdcridczustm5mrsnfavzvf1coh8vqlh07q0p4aiw6:latest/valid_conf_mat_table.table.json", "_latest_artifact_path": "wandb-client-artifact://jwdr7nkct306milwwhd9g51f0qbpw2k1si9aa5ks9dmfnphm69a4ihin8wx3p5wfw2p28mdltx7cbj76phrgx3jdcridczustm5mrsnfavzvf1coh8vqlh07q0p4aiw6:latest/valid_conf_mat_table.table.json", "path": "media/table/valid_conf_mat_table_35_b82385844f1c0e816172.table.json", "ncols": 3, "nrows": 100}, "_timestamp": 1676094911.6551137, "_runtime": 34.56128168106079, "_step": 35, "train_loss": 0.1922328770160675, "train_acc": 0.9453125, "epoch": 1, "trainer/global_step": 399, "valid_loss": 0.23355673253536224, "valid_acc": 0.9363999962806702}