{"valid_conf_mat_table": {"_type": "table-file", "sha256": "b9d905198bc3f28a321be6506f741ca725fb064154a745b06270ab8699be790d", "size": 1770, "artifact_path": "wandb-client-artifact://lbp840ty3dhc225cle8ea8s2algoq5tpzwcaai4k5s6u7ipby282s6q8v5r3kctmcmfj5ee8sms6pih1yeouu5uw1uyc6msn9oczqo6i2ilvjn0rd4kpsa40lixp2ujb:latest/valid_conf_mat_table.table.json", "_latest_artifact_path": "wandb-client-artifact://lbp840ty3dhc225cle8ea8s2algoq5tpzwcaai4k5s6u7ipby282s6q8v5r3kctmcmfj5ee8sms6pih1yeouu5uw1uyc6msn9oczqo6i2ilvjn0rd4kpsa40lixp2ujb:latest/valid_conf_mat_table.table.json", "path": "media/table/valid_conf_mat_table_75_b9d905198bc3f28a321b.table.json", "ncols": 3, "nrows": 100}, "_timestamp": 1676080716.1934545, "_runtime": 56.49940252304077, "_step": 76, "train_loss": 0.03623994439840317, "train_acc": 0.984375, "epoch": 2, "trainer/global_step": 644, "valid_loss": 0.09634460508823395, "valid_acc": 0.9702000021934509, "_wandb": {"runtime": 55}}