{"val_loss": 2.1620075702667236, "val_acc": 0.20000000298023224, "epoch": 3, "trainer/global_step": 3, "_timestamp": 1676092023.3430502, "_runtime": 14.630590200424194, "_step": 4, "test_conf_mat_table": {"_type": "table-file", "sha256": "a5f5f458afcd052a580a7376fa7645a806d6aeb590c1798155ef6af741ceadf0", "size": 747, "artifact_path": "wandb-client-artifact://p1mnsqakizlvgki9dbhlx2ojk8x8bsz11ios5j652tgzij1t2h05yn8iu30o36wet8euxpwup14a9vak2j31ig048v3hnnh1gj3g2sx7eyu1clvfg6v8q2qi8yfba4f5:latest/test_conf_mat_table.table.json", "_latest_artifact_path": "wandb-client-artifact://p1mnsqakizlvgki9dbhlx2ojk8x8bsz11ios5j652tgzij1t2h05yn8iu30o36wet8euxpwup14a9vak2j31ig048v3hnnh1gj3g2sx7eyu1clvfg6v8q2qi8yfba4f5:latest/test_conf_mat_table.table.json", "path": "media/table/test_conf_mat_table_3_a5f5f458afcd052a580a.table.json", "ncols": 3, "nrows": 25}, "test_loss": 2.212806224822998, "test_acc": 0.20000000298023224, "_wandb": {"runtime": 13}}