{"train_loss": 0.18389786779880524, "train_acc": 0.95703125, "epoch": 2, "trainer/global_step": 644, "_timestamp": 1676073235.54518, "_runtime": 33.43618607521057, "_step": 14, "valid_loss": 0.24867480993270874, "valid_acc": 0.9327999949455261, "_wandb": {"runtime": 32}}