{"train_loss": 0.1813906878232956, "train_acc": 0.94921875, "epoch": 2, "trainer/global_step": 644, "_timestamp": 1676069268.2524226, "_runtime": 32.05163359642029, "_step": 14, "valid_loss": 0.22348134219646454, "valid_acc": 0.9377999901771545, "_wandb": {"runtime": 31}}