{"train_loss": 0.5103546977043152, "train_acc": 0.84765625, "epoch": 2, "trainer/global_step": 644, "_timestamp": 1676068030.524571, "_runtime": 31.02457594871521, "_step": 14, "valid_loss": 0.46366578340530396, "valid_acc": 0.8845999836921692, "_wandb": {"runtime": 30}}