{"train_loss": 0.054839346557855606, "train_acc": 0.98046875, "epoch": 2, "trainer/global_step": 644, "_timestamp": 1676073652.1712015, "_runtime": 34.40693950653076, "_step": 14, "valid_loss": 0.08039529621601105, "valid_acc": 0.9747999906539917, "_wandb": {"runtime": 33}}