{"_step": 70, "_runtime": 89.5379159450531, "train_acc": 0.9609375, "valid_acc": 0.9611999988555908, "_timestamp": 1676075847.886922, "epoch": 3, "train_loss": 0.11692341417074203, "valid_loss": 0.12564778327941895, "trainer/global_step": 645, "test_conf_mat_table": {"_type": "table-file", "sha256": "0acd30b6a5958a51083446b8df2f49644486b0ae13aa0628ba908eaf9013b667", "size": 1762, "artifact_path": "wandb-client-artifact://7m65c2rf61adarmp57k56y6347oiyj4jutqhdm6qxb62ohsdnujqfm3tp7k9n5re2v6svw75kajzc0uxoxv1o0bcvxl9vv0wkmksttlbltb2fyevtih6hgjv7idu2l09:latest/test_conf_mat_table.table.json", "_latest_artifact_path": "wandb-client-artifact://7m65c2rf61adarmp57k56y6347oiyj4jutqhdm6qxb62ohsdnujqfm3tp7k9n5re2v6svw75kajzc0uxoxv1o0bcvxl9vv0wkmksttlbltb2fyevtih6hgjv7idu2l09:latest/test_conf_mat_table.table.json", "path": "media/table/test_conf_mat_table_69_0acd30b6a5958a510834.table.json", "ncols": 3, "nrows": 100}, "test_loss": 0.12125593423843384, "test_acc": 0.9638000130653381, "_wandb": {"runtime": 86}}