{"train_loss": 0.09784314036369324, "train_acc": 0.96875, "epoch": 2, "trainer/global_step": 644, "_timestamp": 1676066628.522314, "_runtime": 31.7517991065979, "_step": 14, "valid_loss": 0.12441693246364594, "valid_acc": 0.9598000049591064, "_wandb": {"runtime": 31}}