{"train_loss": 0.1448974460363388, "train_acc": 0.953125, "epoch": 2, "trainer/global_step": 644, "_timestamp": 1676073386.596622, "_runtime": 30.718574047088623, "_step": 14, "valid_loss": 0.1252928525209427, "valid_acc": 0.9595999717712402, "_wandb": {"runtime": 30}}