{"train_loss": 0.07916130870580673, "train_acc": 0.98046875, "epoch": 2, "trainer/global_step": 644, "_timestamp": 1676066535.749315, "_runtime": 32.603971004486084, "_step": 14, "valid_loss": 0.09802499413490295, "valid_acc": 0.9702000021934509, "_wandb": {"runtime": 30}}