{"train_loss": 0.07242978364229202, "train_acc": 0.95703125, "epoch": 2, "trainer/global_step": 644, "_timestamp": 1676078333.5546935, "_runtime": 34.575289487838745, "_step": 14, "valid_loss": 0.12220586091279984, "valid_acc": 0.9643999934196472, "_wandb": {"runtime": 34}}