{"train_loss": 0.04702379181981087, "train_acc": 0.98046875, "epoch": 2, "trainer/global_step": 644, "_timestamp": 1676078438.8617272, "_runtime": 34.55662512779236, "_step": 14, "valid_loss": 0.08804154396057129, "valid_acc": 0.9753999710083008, "_wandb": {"runtime": 33}}