{"train_loss": 0.113166444003582, "train_acc": 0.97265625, "epoch": 2, "trainer/global_step": 644, "_timestamp": 1676071656.7646372, "_runtime": 31.618199348449707, "_step": 14, "valid_loss": 0.09687713533639908, "valid_acc": 0.9711999893188477, "_wandb": {"runtime": 31}}