{"val_loss": 8.341765403747559, "val_acc": 0.20000000298023224, "epoch": 2, "trainer/global_step": 2, "_timestamp": 1676091920.9605017, "_runtime": 11.363223552703857, "_step": 2}