{"train_loss": 0.3203698396682739, "train_acc": 0.9296875, "epoch": 2, "trainer/global_step": 644, "_timestamp": 1676072145.6847117, "_runtime": 30.774200677871704, "_step": 14, "valid_loss": 0.36826062202453613, "valid_acc": 0.8981999754905701, "_wandb": {"runtime": 30}}