{"train_loss": 0.16204753518104553, "train_acc": 0.93359375, "epoch": 2, "trainer/global_step": 644, "_timestamp": 1676069534.7312229, "_runtime": 31.083407878875732, "_step": 14, "valid_loss": 0.19419199228286743, "valid_acc": 0.9434000253677368, "_wandb": {"runtime": 30}}