{"train_loss": 0.272441565990448, "train_acc": 0.9296875, "epoch": 2, "trainer/global_step": 644, "_timestamp": 1676068258.005322, "_runtime": 35.928555965423584, "_step": 14, "valid_loss": 0.2904285192489624, "valid_acc": 0.9150000214576721, "_wandb": {"runtime": 34}}