{"train_loss": 0.25008758902549744, "train_acc": 0.921875, "epoch": 2, "trainer/global_step": 644, "_timestamp": 1676073473.5003624, "_runtime": 33.61571645736694, "_step": 14, "valid_loss": 0.26536229252815247, "valid_acc": 0.9269999861717224, "_wandb": {"runtime": 32}}