{"train_loss": 0.10811351984739304, "train_acc": 0.98046875, "epoch": 2, "trainer/global_step": 644, "_timestamp": 1676072543.5980217, "_runtime": 34.35093975067139, "_step": 14, "valid_loss": 0.16529302299022675, "valid_acc": 0.9526000022888184, "_wandb": {"runtime": 33}}