{"valid_conf_mat_table": {"_type": "table-file", "sha256": "b18879797840d7cd8b34497f3bba9250df50e40cc45097c5a7b5da36d97643ba", "size": 1770, "artifact_path": "wandb-client-artifact://ym7metu2411npzjhchdgyumal9845shv5psmejslwswrn5qdirs7mkoc3wu0h17vwqcr57jem54itte6h84j0rb1l4wu0pxzb1n7voecqhrk06y98ws0helb6nx9871c:latest/valid_conf_mat_table.table.json", "_latest_artifact_path": "wandb-client-artifact://ym7metu2411npzjhchdgyumal9845shv5psmejslwswrn5qdirs7mkoc3wu0h17vwqcr57jem54itte6h84j0rb1l4wu0pxzb1n7voecqhrk06y98ws0helb6nx9871c:latest/valid_conf_mat_table.table.json", "path": "media/table/valid_conf_mat_table_75_b18879797840d7cd8b34.table.json", "ncols": 3, "nrows": 100}, "_timestamp": 1676080193.158606, "_runtime": 62.20874094963074, "_step": 76, "train_loss": 0.1239614263176918, "train_acc": 0.9609375, "epoch": 2, "trainer/global_step": 644, "valid_loss": 0.1373109072446823, "valid_acc": 0.9656000137329102, "_wandb": {"runtime": 61}}