{"train_loss": 0.12158797681331635, "train_acc": 0.95703125, "epoch": 2, "trainer/global_step": 644, "_timestamp": 1676071090.716005, "_runtime": 31.256362199783325, "_step": 14, "valid_loss": 0.12450554221868515, "valid_acc": 0.9628000259399414, "_wandb": {"runtime": 30}}