{"train_loss": 0.18108555674552917, "train_acc": 0.95703125, "epoch": 2, "trainer/global_step": 644, "_timestamp": 1676077591.163607, "_runtime": 32.56764078140259, "_step": 14, "valid_loss": 0.14913694560527802, "valid_acc": 0.9545999765396118, "_wandb": {"runtime": 31}}