{"batch loss": 2.118948459625244, "_timestamp": 1676002290.8193161, "_runtime": 5.375830173492432, "_step": 250, "loss": 6.454619285106659, "epoch": 0, "_wandb": {"runtime": 4}}