{"train_loss": 0.34614402055740356, "train_acc": 0.90625, "epoch": 2, "trainer/global_step": 644, "_timestamp": 1676071259.6147625, "_runtime": 31.857677459716797, "_step": 14, "valid_loss": 0.29135867953300476, "valid_acc": 0.9154000282287598, "_wandb": {"runtime": 31}}