{"train_loss": 0.07487490028142929, "train_acc": 0.97265625, "epoch": 2, "trainer/global_step": 644, "_timestamp": 1676067280.0662472, "_runtime": 34.10936522483826, "_step": 14, "valid_loss": 0.13177436590194702, "valid_acc": 0.9628000259399414, "_wandb": {"runtime": 33}}