{"train_loss": 0.3014528751373291, "train_acc": 0.90625, "epoch": 2, "trainer/global_step": 644, "_timestamp": 1676067600.8602142, "_runtime": 30.857908248901367, "_step": 14, "valid_loss": 0.21968494355678558, "valid_acc": 0.9391999840736389, "_wandb": {"runtime": 30}}