{"batch loss": 1.9666122198104858, "_timestamp": 1676002244.3975828, "_runtime": 4.157999753952026, "_step": 100, "loss": 3.3897577238082888, "epoch": 0, "_wandb": {"runtime": 3}}