{"train_loss": 0.28192639350891113, "train_acc": 0.90234375, "epoch": 2, "trainer/global_step": 644, "_timestamp": 1676069406.7035084, "_runtime": 31.1220383644104, "_step": 14, "valid_loss": 0.2427057921886444, "valid_acc": 0.9314000010490417, "_wandb": {"runtime": 30}}