{"train_loss": 0.1223025992512703, "train_acc": 0.9609375, "epoch": 2, "trainer/global_step": 644, "_timestamp": 1676077223.1381137, "_runtime": 32.902485847473145, "_step": 14, "valid_loss": 0.15857672691345215, "valid_acc": 0.9535999894142151, "_wandb": {"runtime": 32}}