{"train_loss": 0.17983785271644592, "train_acc": 0.953125, "epoch": 2, "trainer/global_step": 644, "_timestamp": 1676068431.9714706, "_runtime": 31.94238257408142, "_step": 14, "valid_loss": 0.25914332270622253, "valid_acc": 0.9264000058174133, "_wandb": {"runtime": 31}}