{"val_loss": 2.6896250247955322, "val_acc": 0.20000000298023224, "epoch": 2, "trainer/global_step": 2, "_timestamp": 1676091324.5150523, "_runtime": 7.32898736000061, "_step": 2, "_wandb": {"runtime": 8}}