{"train_loss": 0.34409797191619873, "train_acc": 0.89453125, "epoch": 2, "trainer/global_step": 644, "_timestamp": 1676070431.6057, "_runtime": 30.576292991638184, "_step": 14, "valid_loss": 0.28888365626335144, "valid_acc": 0.9139999747276306, "_wandb": {"runtime": 30}}