{"train_loss": 0.3139055669307709, "train_acc": 0.9140625, "epoch": 2, "trainer/global_step": 644, "_timestamp": 1676073521.8054724, "_runtime": 30.984565258026123, "_step": 14, "valid_loss": 0.3512534499168396, "valid_acc": 0.9025999903678894, "_wandb": {"runtime": 30}}