{"valid_conf_mat_table": {"_type": "table-file", "sha256": "228d782ac8c3c2ab078355b4156d4b1b9b30a4fa38017b7cf3ae46aaf44ff576", "size": 1771, "artifact_path": "wandb-client-artifact://0zcagedm6g38v8gmkt0s96ro9tdjyv0dypzb9x4glig3xgvyr4aeeyln7yl8bd5pm0zh815t847lzt9wpxv4ryfooc1utff19ozkboghy76t2zzab79sbrus289qdvoh:latest/valid_conf_mat_table.table.json", "_latest_artifact_path": "wandb-client-artifact://0zcagedm6g38v8gmkt0s96ro9tdjyv0dypzb9x4glig3xgvyr4aeeyln7yl8bd5pm0zh815t847lzt9wpxv4ryfooc1utff19ozkboghy76t2zzab79sbrus289qdvoh:latest/valid_conf_mat_table.table.json", "path": "media/table/valid_conf_mat_table_75_228d782ac8c3c2ab0783.table.json", "ncols": 3, "nrows": 100}, "_timestamp": 1676079840.057376, "_runtime": 69.49273896217346, "_step": 76, "train_loss": 0.0964592769742012, "train_acc": 0.96875, "epoch": 2, "trainer/global_step": 644, "valid_loss": 0.10626524686813354, "valid_acc": 0.9678000211715698, "_wandb": {"runtime": 68}}