{"train_loss": 0.20927253365516663, "train_acc": 0.93359375, "epoch": 2, "trainer/global_step": 644, "_timestamp": 1676073343.692354, "_runtime": 34.7732150554657, "_step": 14, "valid_loss": 0.23679092526435852, "valid_acc": 0.9326000213623047, "_wandb": {"runtime": 34}}