{"train_loss": 0.09913625568151474, "train_acc": 0.96875, "epoch": 2, "trainer/global_step": 644, "_timestamp": 1676072010.1780372, "_runtime": 31.094375133514404, "_step": 14, "valid_loss": 0.12556807696819305, "valid_acc": 0.9592000246047974, "_wandb": {"runtime": 30}}