{"train_loss": 0.1323426365852356, "train_acc": 0.96484375, "epoch": 2, "trainer/global_step": 644, "_timestamp": 1676066293.2869906, "_runtime": 34.02578163146973, "_step": 14, "valid_loss": 0.10357966274023056, "valid_acc": 0.9678000211715698, "_wandb": {"runtime": 33}}