{"train_loss": 0.06262747198343277, "train_acc": 0.98046875, "epoch": 2, "trainer/global_step": 644, "_timestamp": 1676067458.154288, "_runtime": 32.49804711341858, "_step": 14, "valid_loss": 0.1513316035270691, "valid_acc": 0.9592000246047974, "_wandb": {"runtime": 31}}