{"batch loss": 0.3246228098869324, "_timestamp": 1676002450.2750604, "_runtime": 5.98969841003418, "_step": 60, "loss": 0.9041386420528094, "epoch": 0, "_wandb": {"runtime": 5}}