{"valid_conf_mat_table": {"_type": "table-file", "sha256": "0930219d6b8675f81e64d91c731d5c407a869dd8371ef27b0454798b31ba6ec1", "size": 1769, "artifact_path": "wandb-client-artifact://nau31vo423tkixm4ed8al0kqy9f0isnvnafrk47exgg4acnlq4yi7zd35e3fdcru267qchoae62if6dmkuzs2vv99rmlnt1ka1y9hmkvpllstrah5g4kekk901vais0k:latest/valid_conf_mat_table.table.json", "_latest_artifact_path": "wandb-client-artifact://nau31vo423tkixm4ed8al0kqy9f0isnvnafrk47exgg4acnlq4yi7zd35e3fdcru267qchoae62if6dmkuzs2vv99rmlnt1ka1y9hmkvpllstrah5g4kekk901vais0k:latest/valid_conf_mat_table.table.json", "path": "media/table/valid_conf_mat_table_75_0930219d6b8675f81e64.table.json", "ncols": 3, "nrows": 100}, "_timestamp": 1676079461.019028, "_runtime": 65.07876300811768, "_step": 76, "train_loss": 0.04253537952899933, "train_acc": 0.98046875, "epoch": 2, "trainer/global_step": 644, "valid_loss": 0.09222117811441422, "valid_acc": 0.9746000170707703, "_wandb": {"runtime": 64}}