{"valid_conf_mat_table": {"_type": "table-file", "sha256": "703c6bbc5053f2c8df5798479c7e93b2fc29a1c8bc8112aea8351fb027459ce7", "size": 1771, "artifact_path": "wandb-client-artifact://atadmwoz7ds6l1p6y7rb4rhym2ten4altwbxco5f96epdtlm9qqwppasm8eeco5h2lkbh7if521hhu4h2gwjfw8h663k2j9fkkm6rul7vu8zr7bdvsletpjj26qhkm7w:latest/valid_conf_mat_table.table.json", "_latest_artifact_path": "wandb-client-artifact://atadmwoz7ds6l1p6y7rb4rhym2ten4altwbxco5f96epdtlm9qqwppasm8eeco5h2lkbh7if521hhu4h2gwjfw8h663k2j9fkkm6rul7vu8zr7bdvsletpjj26qhkm7w:latest/valid_conf_mat_table.table.json", "path": "media/table/valid_conf_mat_table_75_703c6bbc5053f2c8df57.table.json", "ncols": 3, "nrows": 100}, "_timestamp": 1676079276.5559745, "_runtime": 56.77865743637085, "_step": 76, "train_loss": 0.3199175000190735, "train_acc": 0.9140625, "epoch": 2, "trainer/global_step": 644, "valid_loss": 0.3424709141254425, "valid_acc": 0.9047999978065491, "_wandb": {"runtime": 55}}