{"train_loss": 0.1174747496843338, "train_acc": 0.9609375, "epoch": 2, "trainer/global_step": 644, "_timestamp": 1676077633.287423, "_runtime": 32.86288094520569, "_step": 14, "valid_loss": 0.1409752368927002, "valid_acc": 0.9545999765396118, "_wandb": {"runtime": 32}}