{"train_loss": 0.3916442394256592, "train_acc": 0.89453125, "epoch": 2, "trainer/global_step": 644, "_timestamp": 1676069142.0332787, "_runtime": 32.160117626190186, "_step": 14, "valid_loss": 0.370728075504303, "valid_acc": 0.8953999876976013, "_wandb": {"runtime": 31}}