{"train_loss": 0.1724124699831009, "train_acc": 0.94921875, "epoch": 2, "trainer/global_step": 644, "_timestamp": 1676067541.5823882, "_runtime": 32.02662110328674, "_step": 14, "valid_loss": 0.16972313821315765, "valid_acc": 0.9491999745368958, "_wandb": {"runtime": 31}}