{"train_loss": 0.2234097272157669, "train_acc": 0.9453125, "epoch": 2, "trainer/global_step": 644, "_timestamp": 1676072051.4654791, "_runtime": 30.498746156692505, "_step": 14, "valid_loss": 0.26349136233329773, "valid_acc": 0.9228000044822693, "_wandb": {"runtime": 29}}