{"batch loss": 0.5954604148864746, "_timestamp": 1676002516.0561943, "_runtime": 4.707995414733887, "_step": 116, "loss": 0.5418391778808216, "epoch": 0, "_wandb": {"runtime": 4}}