{"train_loss": 0.14110468327999115, "train_acc": 0.95703125, "epoch": 3, "trainer/global_step": 645, "_timestamp": 1676065608.4094005, "_runtime": 55.11055636405945, "_step": 55, "valid_loss": 0.12618790566921234, "valid_acc": 0.9613999724388123, "test_conf_mat_table": {"_type": "table-file", "sha256": "0acd30b6a5958a51083446b8df2f49644486b0ae13aa0628ba908eaf9013b667", "size": 1762, "artifact_path": "wandb-client-artifact://04li07293ex1rb62slbwzgq88uid4rjp8ewiua6f5sxedur4ccach1xbgpn8qv9vk3paei8bwuw5ons5gi9krd3fk4mcfvuxy7a5ua0s0it11hvz644y1njj3m02eg4o:latest/test_conf_mat_table.table.json", "_latest_artifact_path": "wandb-client-artifact://04li07293ex1rb62slbwzgq88uid4rjp8ewiua6f5sxedur4ccach1xbgpn8qv9vk3paei8bwuw5ons5gi9krd3fk4mcfvuxy7a5ua0s0it11hvz644y1njj3m02eg4o:latest/test_conf_mat_table.table.json", "path": "media/table/test_conf_mat_table_54_0acd30b6a5958a510834.table.json", "ncols": 3, "nrows": 100}, "test_loss": 0.12221156060695648, "test_acc": 0.9631999731063843, "_wandb": {"runtime": 53}}