{"train_loss": 0.22725966572761536, "train_acc": 0.9375, "epoch": 2, "trainer/global_step": 644, "_timestamp": 1676071357.3807757, "_runtime": 30.878992795944214, "_step": 14, "valid_loss": 0.2993101179599762, "valid_acc": 0.9161999821662903, "_wandb": {"runtime": 30}}