{"train_loss": 0.034671664237976074, "train_acc": 0.984375, "epoch": 2, "trainer/global_step": 644, "_timestamp": 1676067407.7737174, "_runtime": 34.63849449157715, "_step": 14, "valid_loss": 0.11147545278072357, "valid_acc": 0.9679999947547913, "_wandb": {"runtime": 33}}