{"val_loss": 2.0470454692840576, "val_acc": 0.20000000298023224, "epoch": 2, "trainer/global_step": 2, "_timestamp": 1676091362.2636368, "_runtime": 6.819098711013794, "_step": 2, "_wandb": {"runtime": 8}}