{"val_conf_mat_table": {"_type": "table-file", "sha256": "e938795772adb6287c63eb7b177c0468487d7025585a6906ed59d79198a614eb", "size": 747, "artifact_path": "wandb-client-artifact://qk2a0n0huyhw231e36wm7rq2twvh5q8x84hhmln5nx7wicean27x6mi5nyt406i9cptvozmd8fmwauqksuulesrde3yv23gbykive0ehxh4lhdd5bbertae6fc7ih87e:latest/val_conf_mat_table.table.json", "_latest_artifact_path": "wandb-client-artifact://qk2a0n0huyhw231e36wm7rq2twvh5q8x84hhmln5nx7wicean27x6mi5nyt406i9cptvozmd8fmwauqksuulesrde3yv23gbykive0ehxh4lhdd5bbertae6fc7ih87e:latest/val_conf_mat_table.table.json", "path": "media/table/val_conf_mat_table_5_e938795772adb6287c63.table.json", "ncols": 3, "nrows": 25}, "_timestamp": 1676092240.9698884, "_runtime": 9.342504501342773, "_step": 6, "val_loss": 1.6191082000732422, "val_acc": 0.6000000238418579, "epoch": 2, "trainer/global_step": 2, "_wandb": {"runtime": 10}}