{"valid_conf_mat_table": {"_type": "table-file", "sha256": "d8df27e74602bdfb8f4813e9fc719d6a3b30fd5c6efdf792b58377727cef5662", "size": 1770, "artifact_path": "wandb-client-artifact://ywqfmr3f47hs0qg5wohovl0zgwwc87w6216a12t9b280gpe6b4kehrz6ths031vtryfqop2a53zwr0nybvkiiwqx6me9xrh1x5j6zzohd5rqyd3vv93rpsx9dyocuydo:latest/valid_conf_mat_table.table.json", "_latest_artifact_path": "wandb-client-artifact://ywqfmr3f47hs0qg5wohovl0zgwwc87w6216a12t9b280gpe6b4kehrz6ths031vtryfqop2a53zwr0nybvkiiwqx6me9xrh1x5j6zzohd5rqyd3vv93rpsx9dyocuydo:latest/valid_conf_mat_table.table.json", "path": "media/table/valid_conf_mat_table_75_d8df27e74602bdfb8f48.table.json", "ncols": 3, "nrows": 100}, "_timestamp": 1676080002.9656327, "_runtime": 56.44477868080139, "_step": 76, "train_loss": 0.10528305172920227, "train_acc": 0.98046875, "epoch": 2, "trainer/global_step": 644, "valid_loss": 0.1292342245578766, "valid_acc": 0.968999981880188, "_wandb": {"runtime": 54}}