{"train_loss": 0.10687719285488129, "train_acc": 0.96875, "epoch": 2, "trainer/global_step": 644, "_timestamp": 1676069885.6845973, "_runtime": 32.17005729675293, "_step": 14, "valid_loss": 0.13005676865577698, "valid_acc": 0.9613999724388123, "_wandb": {"runtime": 31}}