{"train_loss": 0.1105412170290947, "train_acc": 0.96484375, "epoch": 2, "trainer/global_step": 644, "_timestamp": 1676078048.2126803, "_runtime": 33.83737826347351, "_step": 14, "valid_loss": 0.09626595675945282, "valid_acc": 0.9684000015258789, "_wandb": {"runtime": 33}}