{"train_loss": 0.3037436008453369, "train_acc": 0.89453125, "epoch": 2, "trainer/global_step": 644, "_timestamp": 1676077268.6153648, "_runtime": 32.21511173248291, "_step": 14, "valid_loss": 0.22758081555366516, "valid_acc": 0.9314000010490417, "_wandb": {"runtime": 31}}