{"train_loss": 0.19750306010246277, "train_acc": 0.93359375, "epoch": 2, "trainer/global_step": 644, "_timestamp": 1676070150.060081, "_runtime": 31.702073097229004, "_step": 14, "valid_loss": 0.1509559452533722, "valid_acc": 0.9553999900817871, "_wandb": {"runtime": 31}}