{"train_loss": 0.16343702375888824, "train_acc": 0.9375, "epoch": 2, "trainer/global_step": 644, "_timestamp": 1676068967.8957243, "_runtime": 31.504069328308105, "_step": 14, "valid_loss": 0.15574166178703308, "valid_acc": 0.9538000226020813, "_wandb": {"runtime": 30}}