{"val_loss": 1.7409721612930298, "val_acc": 0.20000000298023224, "epoch": 2, "trainer/global_step": 2, "_timestamp": 1676091306.9420311, "_runtime": 6.643229246139526, "_step": 2, "_wandb": {"runtime": 7}}