{"train_loss": 0.13283896446228027, "train_acc": 0.95703125, "epoch": 2, "trainer/global_step": 644, "_timestamp": 1676073279.4561927, "_runtime": 34.66474771499634, "_step": 14, "valid_loss": 0.09518061578273773, "valid_acc": 0.9693999886512756, "_wandb": {"runtime": 34}}