{"train_loss": 0.0813087597489357, "train_acc": 0.97265625, "epoch": 2, "trainer/global_step": 644, "_timestamp": 1676078185.994827, "_runtime": 33.86719012260437, "_step": 14, "valid_loss": 0.13343848288059235, "valid_acc": 0.9592000246047974, "_wandb": {"runtime": 33}}