{"train_loss": 0.34698039293289185, "train_acc": 0.875, "epoch": 2, "trainer/global_step": 644, "_timestamp": 1676069224.9350772, "_runtime": 30.988885164260864, "_step": 14, "valid_loss": 0.34917178750038147, "valid_acc": 0.899399995803833, "_wandb": {"runtime": 30}}