{"train_loss": 0.13494013249874115, "train_acc": 0.9609375, "epoch": 2, "trainer/global_step": 644, "_timestamp": 1676069182.9379382, "_runtime": 31.088611125946045, "_step": 14, "valid_loss": 0.19141627848148346, "valid_acc": 0.9449999928474426, "_wandb": {"runtime": 30}}