{"batch loss": 1.5369728803634644, "_timestamp": 1676002213.6277807, "_runtime": 7.494847774505615, "_step": 375, "loss": 1.5194312081336976, "epoch": 0, "_wandb": {"runtime": 6}}