{"train_loss": 0.0695796012878418, "train_acc": 0.97265625, "epoch": 2, "trainer/global_step": 644, "_timestamp": 1676077030.1332679, "_runtime": 34.12138891220093, "_step": 14, "valid_loss": 0.1343918889760971, "valid_acc": 0.9675999879837036, "_wandb": {"runtime": 32}}