{"train_loss": 0.21609430015087128, "train_acc": 0.953125, "epoch": 2, "trainer/global_step": 644, "_timestamp": 1676066786.8495927, "_runtime": 34.652228593826294, "_step": 14, "valid_loss": 0.1595740169286728, "valid_acc": 0.954200029373169, "_wandb": {"runtime": 33}}