{"train_loss": 0.16560865938663483, "train_acc": 0.9609375, "epoch": 2, "trainer/global_step": 644, "_timestamp": 1676072373.5369673, "_runtime": 30.88211727142334, "_step": 14, "valid_loss": 0.19809415936470032, "valid_acc": 0.9458000063896179, "_wandb": {"runtime": 30}}