{"train_loss": 0.06130333989858627, "train_acc": 0.98828125, "epoch": 2, "trainer/global_step": 644, "_timestamp": 1676072500.5496178, "_runtime": 32.19464588165283, "_step": 14, "valid_loss": 0.09559624642133713, "valid_acc": 0.9684000015258789, "_wandb": {"runtime": 31}}