{"val_loss": 33.186527252197266, "val_acc": 0.20000000298023224, "epoch": 2, "trainer/global_step": 2, "_timestamp": 1676092065.2792923, "_runtime": 6.535306453704834, "_step": 2, "_wandb": {"runtime": 7}}