{"batch loss": 0.8029665946960449, "_timestamp": 1676002257.7763774, "_runtime": 3.816551446914673, "_step": 89, "loss": 0.5307031163338864, "epoch": 0, "_wandb": {"runtime": 3}}