{"train_loss": 0.08849027752876282, "train_acc": 0.96484375, "epoch": 2, "trainer/global_step": 644, "_timestamp": 1676067737.1441915, "_runtime": 31.44730854034424, "_step": 14, "valid_loss": 0.1337905079126358, "valid_acc": 0.9606000185012817, "_wandb": {"runtime": 30}}