{"train_loss": 0.0900164246559143, "train_acc": 0.97265625, "epoch": 2, "trainer/global_step": 644, "_timestamp": 1676067827.3627934, "_runtime": 31.154426336288452, "_step": 14, "valid_loss": 0.1339893490076065, "valid_acc": 0.9638000130653381, "_wandb": {"runtime": 30}}