{"train_loss": 0.036230698227882385, "train_acc": 0.9921875, "epoch": 2, "trainer/global_step": 644, "_timestamp": 1676066032.221844, "_runtime": 34.28966403007507, "_step": 14, "valid_loss": 0.07493475079536438, "valid_acc": 0.9757999777793884, "_wandb": {"runtime": 33}}