{"train_loss": 0.15282325446605682, "train_acc": 0.953125, "epoch": 2, "trainer/global_step": 644, "_timestamp": 1676071869.7744372, "_runtime": 33.340333223342896, "_step": 14, "valid_loss": 0.1650618463754654, "valid_acc": 0.9476000070571899, "_wandb": {"runtime": 32}}