{"train_loss": 0.17905868589878082, "train_acc": 0.94140625, "epoch": 2, "trainer/global_step": 644, "_timestamp": 1676067229.6922958, "_runtime": 31.061665773391724, "_step": 14, "valid_loss": 0.16804678738117218, "valid_acc": 0.9520000219345093, "_wandb": {"runtime": 30}}