{"train_loss": 0.16939301788806915, "train_acc": 0.9453125, "epoch": 2, "trainer/global_step": 644, "_timestamp": 1676077180.0118172, "_runtime": 33.664793252944946, "_step": 14, "valid_loss": 0.16710598766803741, "valid_acc": 0.9549999833106995, "_wandb": {"runtime": 33}}