{"train_loss": 0.06795978546142578, "train_acc": 0.98046875, "epoch": 2, "trainer/global_step": 644, "_timestamp": 1676072708.428481, "_runtime": 30.676767110824585, "_step": 14, "valid_loss": 0.1366121768951416, "valid_acc": 0.9589999914169312, "_wandb": {"runtime": 30}}