{"batch loss": 0.35073578357696533, "_timestamp": 1676002500.81022, "_runtime": 4.46549391746521, "_step": 94, "loss": 0.552262471552859, "epoch": 0, "_wandb": {"runtime": 3}}