{"batch loss": 0.3362433612346649, "_timestamp": 1676002485.148432, "_runtime": 3.8805010318756104, "_step": 79, "loss": 0.638176681497429, "epoch": 0, "_wandb": {"runtime": 3}}