{"val_loss": 1.5476993322372437, "val_acc": 0.20000000298023224, "epoch": 2, "trainer/global_step": 2, "_timestamp": 1676092092.1788096, "_runtime": 7.217883586883545, "_step": 2, "_wandb": {"runtime": 8}}