{"train_loss": 0.0659736916422844, "train_acc": 0.98046875, "epoch": 2, "trainer/global_step": 644, "_timestamp": 1676066084.8151515, "_runtime": 35.90253138542175, "_step": 14, "valid_loss": 0.08097700774669647, "valid_acc": 0.9760000109672546, "_wandb": {"runtime": 35}}