{"train_loss": 0.1008422002196312, "train_acc": 0.9765625, "epoch": 2, "trainer/global_step": 644, "_timestamp": 1676072933.7712386, "_runtime": 31.439737558364868, "_step": 14, "valid_loss": 0.12233586609363556, "valid_acc": 0.9603999853134155, "_wandb": {"runtime": 30}}