{"train_loss": 0.09471862763166428, "train_acc": 0.96484375, "epoch": 2, "trainer/global_step": 644, "_timestamp": 1676068306.0583158, "_runtime": 31.05809783935547, "_step": 14, "valid_loss": 0.13137148320674896, "valid_acc": 0.9635999798774719, "_wandb": {"runtime": 30}}