{"val_loss": 3.7898502349853516, "val_acc": 0.20000000298023224, "epoch": 2, "trainer/global_step": 2, "_timestamp": 1676091268.4861367, "_runtime": 10.394583702087402, "_step": 2, "_wandb": {"runtime": 33}}