{"train_loss": 0.3649975061416626, "train_acc": 0.90234375, "epoch": 2, "trainer/global_step": 644, "_timestamp": 1676069313.502467, "_runtime": 30.82336401939392, "_step": 14, "valid_loss": 0.36760199069976807, "valid_acc": 0.8984000086784363, "_wandb": {"runtime": 30}}