{"batch loss": 1.143811583518982, "_timestamp": 1676002470.3028655, "_runtime": 4.108997583389282, "_step": 89, "loss": 1.750850017151136, "epoch": 0, "_wandb": {"runtime": 3}}