{"train_loss": 0.22330494225025177, "train_acc": 0.93359375, "epoch": 2, "trainer/global_step": 644, "_timestamp": 1676073924.3648953, "_runtime": 34.59181833267212, "_step": 14, "valid_loss": 0.22646206617355347, "valid_acc": 0.9348000288009644, "_wandb": {"runtime": 34}}