{"train_loss": 0.13794803619384766, "train_acc": 0.95703125, "epoch": 2, "trainer/global_step": 644, "_timestamp": 1676077676.1275697, "_runtime": 32.87379860877991, "_step": 14, "valid_loss": 0.15615814924240112, "valid_acc": 0.9563999772071838, "_wandb": {"runtime": 32}}