{"train_loss": 0.0927572026848793, "train_acc": 0.96484375, "epoch": 2, "trainer/global_step": 644, "_timestamp": 1676068473.1369202, "_runtime": 31.471152305603027, "_step": 14, "valid_loss": 0.11345741152763367, "valid_acc": 0.9631999731063843, "_wandb": {"runtime": 30}}