{"train_loss": 0.44244495034217834, "train_acc": 0.88671875, "epoch": 2, "trainer/global_step": 644, "_timestamp": 1676074005.6209261, "_runtime": 31.93657422065735, "_step": 14, "valid_loss": 0.38521212339401245, "valid_acc": 0.8944000005722046, "_wandb": {"runtime": 31}}