{"train_loss": 0.4296143352985382, "train_acc": 0.89453125, "epoch": 2, "trainer/global_step": 644, "_timestamp": 1676068861.2650933, "_runtime": 32.000497341156006, "_step": 14, "valid_loss": 0.45791998505592346, "valid_acc": 0.8804000020027161, "_wandb": {"runtime": 31}}