{"valid_conf_mat_table": {"_type": "table-file", "sha256": "5df73bda7fa136ad3518fbf57253a35587fecd600ba95d1ff2d1118b3f8a6480", "size": 1769, "artifact_path": "wandb-client-artifact://1zyvjyz96z9vym921eo0sppx6mja183rtzrn4ks36rqz5fczcx35vbjqay9x2hmuqmkho0xx1zu1mvzc5091sozghubg81ubch6okenugv43k2g413qa3iki8g86zke9:latest/valid_conf_mat_table.table.json", "_latest_artifact_path": "wandb-client-artifact://1zyvjyz96z9vym921eo0sppx6mja183rtzrn4ks36rqz5fczcx35vbjqay9x2hmuqmkho0xx1zu1mvzc5091sozghubg81ubch6okenugv43k2g413qa3iki8g86zke9:latest/valid_conf_mat_table.table.json", "path": "media/table/valid_conf_mat_table_75_5df73bda7fa136ad3518.table.json", "ncols": 3, "nrows": 100}, "_timestamp": 1676079632.5350738, "_runtime": 60.46700167655945, "_step": 76, "train_loss": 0.3875797390937805, "train_acc": 0.90234375, "epoch": 2, "trainer/global_step": 644, "valid_loss": 0.2851564884185791, "valid_acc": 0.9215999841690063, "_wandb": {"runtime": 59}}