{"train_loss": 0.1638583093881607, "train_acc": 0.9453125, "epoch": 2, "trainer/global_step": 644, "_timestamp": 1676069745.6021163, "_runtime": 31.604262351989746, "_step": 14, "valid_loss": 0.16229018568992615, "valid_acc": 0.9520000219345093, "_wandb": {"runtime": 30}}