{"train_loss": 0.15370213985443115, "train_acc": 0.95703125, "epoch": 2, "trainer/global_step": 644, "_timestamp": 1676070348.4619381, "_runtime": 30.981603145599365, "_step": 14, "valid_loss": 0.15280604362487793, "valid_acc": 0.9562000036239624, "_wandb": {"runtime": 30}}