{"train_loss": 0.1087409257888794, "train_acc": 0.97265625, "epoch": 2, "trainer/global_step": 644, "_timestamp": 1676073430.0216055, "_runtime": 32.003666400909424, "_step": 14, "valid_loss": 0.14809544384479523, "valid_acc": 0.9527999758720398, "_wandb": {"runtime": 31}}