{"train_loss": 0.029889890924096107, "train_acc": 0.98828125, "epoch": 2, "trainer/global_step": 644, "_timestamp": 1676072291.1642416, "_runtime": 30.871320486068726, "_step": 14, "valid_loss": 0.11215382069349289, "valid_acc": 0.9678000211715698, "_wandb": {"runtime": 30}}