{"train_loss": 0.05756412819027901, "train_acc": 0.96875, "epoch": 2, "trainer/global_step": 644, "_timestamp": 1676069056.4264603, "_runtime": 35.82752323150635, "_step": 14, "valid_loss": 0.07678505033254623, "valid_acc": 0.9769999980926514, "_wandb": {"runtime": 34}}