{"val_loss": 1.5045135021209717, "val_acc": 0.4000000059604645, "epoch": 2, "trainer/global_step": 2, "_timestamp": 1676091381.6474411, "_runtime": 6.193879127502441, "_step": 2, "_wandb": {"runtime": 7}}