{"train_loss": 0.1389385610818863, "train_acc": 0.953125, "epoch": 2, "trainer/global_step": 644, "_timestamp": 1676070826.000744, "_runtime": 40.06076407432556, "_step": 14, "valid_loss": 0.1662738174200058, "valid_acc": 0.9484000205993652, "_wandb": {"runtime": 39}}