{"train_loss": 0.06475911289453506, "train_acc": 0.9765625, "epoch": 2, "trainer/global_step": 644, "_timestamp": 1676066399.279173, "_runtime": 40.61803483963013, "_step": 14, "valid_loss": 0.11562978476285934, "valid_acc": 0.9684000015258789, "_wandb": {"runtime": 39}}