{"train_loss": 0.04025472700595856, "train_acc": 0.98828125, "epoch": 2, "trainer/global_step": 644, "_timestamp": 1676066873.523535, "_runtime": 32.16818404197693, "_step": 14, "valid_loss": 0.1190662607550621, "valid_acc": 0.9638000130653381, "_wandb": {"runtime": 30}}