{"train_loss": 0.08981750905513763, "train_acc": 0.9765625, "epoch": 2, "trainer/global_step": 644, "_timestamp": 1676069493.5271487, "_runtime": 31.69783878326416, "_step": 14, "valid_loss": 0.12674398720264435, "valid_acc": 0.9639999866485596, "_wandb": {"runtime": 31}}