{"train_loss": 0.03779572620987892, "train_acc": 0.984375, "epoch": 2, "trainer/global_step": 644, "_timestamp": 1676072979.8769124, "_runtime": 34.666770458221436, "_step": 14, "valid_loss": 0.12146054953336716, "valid_acc": 0.9666000008583069, "_wandb": {"runtime": 34}}