{"train_loss": 0.1699010282754898, "train_acc": 0.96484375, "epoch": 2, "trainer/global_step": 644, "_timestamp": 1676077508.1959772, "_runtime": 32.50456213951111, "_step": 14, "valid_loss": 0.17375071346759796, "valid_acc": 0.9498000144958496, "_wandb": {"runtime": 31}}