{"train_loss": 0.2784951627254486, "train_acc": 0.9140625, "epoch": 2, "trainer/global_step": 644, "_timestamp": 1676071699.2040315, "_runtime": 31.053999423980713, "_step": 14, "valid_loss": 0.27480950951576233, "valid_acc": 0.9228000044822693, "_wandb": {"runtime": 30}}