{"train_loss": 0.0876198336482048, "train_acc": 0.98046875, "epoch": 2, "trainer/global_step": 644, "_timestamp": 1676067688.1931443, "_runtime": 33.277923345565796, "_step": 14, "valid_loss": 0.11676354706287384, "valid_acc": 0.967199981212616, "_wandb": {"runtime": 32}}