{"train_loss": 0.166777566075325, "train_acc": 0.95703125, "epoch": 2, "trainer/global_step": 644, "_timestamp": 1676078091.6212049, "_runtime": 34.31970191001892, "_step": 14, "valid_loss": 0.17206116020679474, "valid_acc": 0.949999988079071, "_wandb": {"runtime": 33}}