{"val_conf_mat_table": {"_type": "table-file", "sha256": "a6ee2425415c83e4859eec70cbdcf70a46a94ec0afbefdf9bf302240c52cd113", "size": 747, "artifact_path": "wandb-client-artifact://5d5jpuoo56nh04nj6gr66xd13y7zmb5iggqzacdg024p1rdhjbqwg46n13s091rbokkvxh6qmkcyw2voxltfmq54ri54ifq47p1kpxq2mf96flmztg28dtr3bgecrpi0:latest/val_conf_mat_table.table.json", "_latest_artifact_path": "wandb-client-artifact://5d5jpuoo56nh04nj6gr66xd13y7zmb5iggqzacdg024p1rdhjbqwg46n13s091rbokkvxh6qmkcyw2voxltfmq54ri54ifq47p1kpxq2mf96flmztg28dtr3bgecrpi0:latest/val_conf_mat_table.table.json", "path": "media/table/val_conf_mat_table_5_a6ee2425415c83e4859e.table.json", "ncols": 3, "nrows": 25}, "_timestamp": 1676092333.3288229, "_runtime": 7.642640829086304, "_step": 6, "val_loss": 4.900729656219482, "val_acc": 0.20000000298023224, "epoch": 2, "trainer/global_step": 2, "_wandb": {"runtime": 8}}