{"train_loss": 0.1030091643333435, "train_acc": 0.9609375, "epoch": 3, "trainer/global_step": 645, "_timestamp": 1676062360.7434244, "_runtime": 81.14648342132568, "_step": 55, "valid_loss": 0.13011334836483002, "valid_acc": 0.9621999859809875, "test_conf_mat_table": {"_type": "table-file", "sha256": "0acd30b6a5958a51083446b8df2f49644486b0ae13aa0628ba908eaf9013b667", "size": 1762, "artifact_path": "wandb-client-artifact://3751txqhz9ywx6or2ssyo8kl1mrqpaz5158uaetv83sjwu9z508r2x23stpwmd7iy99kek05m5mlsiyk3s9vjw6psb69pkx5f6t408xecjzjvs83048w0brb6uap117y:latest/test_conf_mat_table.table.json", "_latest_artifact_path": "wandb-client-artifact://3751txqhz9ywx6or2ssyo8kl1mrqpaz5158uaetv83sjwu9z508r2x23stpwmd7iy99kek05m5mlsiyk3s9vjw6psb69pkx5f6t408xecjzjvs83048w0brb6uap117y:latest/test_conf_mat_table.table.json", "path": "media/table/test_conf_mat_table_54_0acd30b6a5958a510834.table.json", "ncols": 3, "nrows": 100}, "test_loss": 0.12449104338884354, "test_acc": 0.9620000123977661, "_wandb": {"runtime": 79}}