{"val_loss": 1.6586697101593018, "val_acc": 0.20000000298023224, "epoch": 2, "trainer/global_step": 2, "_timestamp": 1676091344.1230488, "_runtime": 6.3346147537231445, "_step": 2, "_wandb": {"runtime": 7}}