{"train_loss": 0.09364364296197891, "train_acc": 0.97265625, "epoch": 2, "trainer/global_step": 644, "_timestamp": 1676076830.2304332, "_runtime": 34.822774171829224, "_step": 14, "valid_loss": 0.10012266784906387, "valid_acc": 0.9703999757766724, "_wandb": {"runtime": 33}}