{"train_loss": 0.17312639951705933, "train_acc": 0.95703125, "epoch": 2, "trainer/global_step": 644, "_timestamp": 1676069451.7158442, "_runtime": 32.764347076416016, "_step": 14, "valid_loss": 0.11717040091753006, "valid_acc": 0.9643999934196472, "_wandb": {"runtime": 32}}