{"train_loss": 0.3616655766963959, "train_acc": 0.90234375, "epoch": 2, "trainer/global_step": 644, "_timestamp": 1676070604.3558533, "_runtime": 31.495856285095215, "_step": 14, "valid_loss": 0.4056563377380371, "valid_acc": 0.8935999870300293, "_wandb": {"runtime": 30}}