{"train_loss": 0.2158486396074295, "train_acc": 0.9453125, "epoch": 2, "trainer/global_step": 644, "_timestamp": 1676066692.2531168, "_runtime": 36.72833275794983, "_step": 14, "valid_loss": 0.2406097650527954, "valid_acc": 0.932200014591217, "_wandb": {"runtime": 36}}