{"train_loss": 0.09949728846549988, "train_acc": 0.97265625, "epoch": 2, "trainer/global_step": 644, "_timestamp": 1676068514.4429805, "_runtime": 30.97904062271118, "_step": 14, "valid_loss": 0.11250178515911102, "valid_acc": 0.9667999744415283, "_wandb": {"runtime": 30}}