{"train_loss": 0.2537488639354706, "train_acc": 0.921875, "epoch": 2, "trainer/global_step": 644, "_timestamp": 1676071524.3718529, "_runtime": 30.65114188194275, "_step": 14, "valid_loss": 0.2500736117362976, "valid_acc": 0.9246000051498413, "_wandb": {"runtime": 30}}