{"valid_conf_mat_table": {"_type": "table-file", "sha256": "9ae7dbabe14245456d643b1e33506549bed6e7f1771b37a79ea9baf41f55002b", "size": 1770, "artifact_path": "wandb-client-artifact://o2tjesp99ldq2yrxmh9rtkl58dwhj4jsn5wqfq66ma5s8r2eh2ulh0yh8z3c5l65l1m0mwvgjcu0jy67l2vid7xcz6erqqck2e20fyl5lpgef7t4ypxvcjl5nnhqiscb:latest/valid_conf_mat_table.table.json", "_latest_artifact_path": "wandb-client-artifact://o2tjesp99ldq2yrxmh9rtkl58dwhj4jsn5wqfq66ma5s8r2eh2ulh0yh8z3c5l65l1m0mwvgjcu0jy67l2vid7xcz6erqqck2e20fyl5lpgef7t4ypxvcjl5nnhqiscb:latest/valid_conf_mat_table.table.json", "path": "media/table/valid_conf_mat_table_75_9ae7dbabe14245456d64.table.json", "ncols": 3, "nrows": 100}, "_timestamp": 1676080550.7355778, "_runtime": 62.23361873626709, "_step": 76, "train_loss": 0.0981525331735611, "train_acc": 0.97265625, "epoch": 2, "trainer/global_step": 644, "valid_loss": 0.09813004732131958, "valid_acc": 0.972000002861023, "_wandb": {"runtime": 61}}