{"train_loss": 0.09914472699165344, "train_acc": 0.97265625, "epoch": 2, "trainer/global_step": 644, "_timestamp": 1676069973.8623462, "_runtime": 31.248555183410645, "_step": 14, "valid_loss": 0.1402493268251419, "valid_acc": 0.9567999839782715, "_wandb": {"runtime": 30}}