{"train_loss": 0.07183818519115448, "train_acc": 0.984375, "epoch": 2, "trainer/global_step": 644, "_timestamp": 1676076882.8336833, "_runtime": 33.89240622520447, "_step": 14, "valid_loss": 0.09553259611129761, "valid_acc": 0.973800003528595, "_wandb": {"runtime": 32}}