{"train_loss": 0.37042000889778137, "train_acc": 0.90234375, "epoch": 2, "trainer/global_step": 644, "_timestamp": 1676066916.158182, "_runtime": 33.61696791648865, "_step": 14, "valid_loss": 0.35061100125312805, "valid_acc": 0.9053999781608582, "_wandb": {"runtime": 32}}