{"val_loss": 20.559734344482422, "val_acc": 0.20000000298023224, "epoch": 2, "trainer/global_step": 2, "_timestamp": 1676092113.897059, "_runtime": 7.182298898696899, "_step": 2, "_wandb": {"runtime": 8}}