{"train_loss": 0.12637685239315033, "train_acc": 0.95703125, "epoch": 2, "trainer/global_step": 644, "_timestamp": 1676067097.673274, "_runtime": 32.13400197029114, "_step": 14, "valid_loss": 0.10778860002756119, "valid_acc": 0.9667999744415283, "_wandb": {"runtime": 31}}