{"train_loss": 0.258806437253952, "train_acc": 0.92578125, "epoch": 2, "trainer/global_step": 644, "_timestamp": 1676069792.6050763, "_runtime": 30.923866271972656, "_step": 14, "valid_loss": 0.2423212230205536, "valid_acc": 0.9323999881744385, "_wandb": {"runtime": 30}}