{"train_loss": 0.09097172319889069, "train_acc": 0.9765625, "epoch": 2, "trainer/global_step": 644, "_timestamp": 1676066579.7083833, "_runtime": 34.25759720802307, "_step": 14, "valid_loss": 0.09499133378267288, "valid_acc": 0.9715999960899353, "_wandb": {"runtime": 33}}