{"train_loss": 0.18886733055114746, "train_acc": 0.953125, "epoch": 3, "trainer/global_step": 645, "_timestamp": 1676077788.65337, "_runtime": 58.53171896934509, "_step": 55, "valid_loss": 0.1604883223772049, "valid_acc": 0.9503999948501587, "test_conf_mat_table": {"_type": "table-file", "sha256": "0acd30b6a5958a51083446b8df2f49644486b0ae13aa0628ba908eaf9013b667", "size": 1762, "artifact_path": "wandb-client-artifact://351yg95xetf000kow4rz0o42vbaqft5khww2enzx61skgk2601r5ylwismjmkru8yoev8exc8iee50vvd4xfmhmq3o8dji8xn5zksuwj29y8wzuppksh4pxtdqnpfz0i:latest/test_conf_mat_table.table.json", "_latest_artifact_path": "wandb-client-artifact://351yg95xetf000kow4rz0o42vbaqft5khww2enzx61skgk2601r5ylwismjmkru8yoev8exc8iee50vvd4xfmhmq3o8dji8xn5zksuwj29y8wzuppksh4pxtdqnpfz0i:latest/test_conf_mat_table.table.json", "path": "media/table/test_conf_mat_table_54_0acd30b6a5958a510834.table.json", "ncols": 3, "nrows": 100}, "test_loss": 0.1294248402118683, "test_acc": 0.9617000222206116, "_wandb": {"runtime": 57}}