{"train_loss": 0.22088900208473206, "train_acc": 0.94140625, "epoch": 2, "trainer/global_step": 644, "_timestamp": 1676073108.8722835, "_runtime": 31.806782484054565, "_step": 14, "valid_loss": 0.14913102984428406, "valid_acc": 0.95660001039505, "_wandb": {"runtime": 31}}